{"name":"52ff0b2d-68be-4704-b2b9-0712ce5e5d6f","id":"/providers/Microsoft.Flow/flows/52ff0b2d-68be-4704-b2b9-0712ce5e5d6f","type":"Microsoft.Flow/flows","properties":{"apiId":"/providers/Microsoft.PowerApps/apis/shared_logicflows","displayName":"save approved doc in sharepoint","definition":{"metadata":{"workflowEntityId":null,"processAdvisorMetadata":null,"flowclientsuspensionreason":"None","flowclientsuspensiontime":null,"flowclientsuspensionreasondetails":null,"creator":{"id":"5dff46a8-aea1-4451-9954-f148740d43ae","type":"User","tenantId":"a81c6778-50fd-4429-a1d0-4b842da62dda"},"provisioningMethod":"FromDefinition","failureAlertSubscription":true,"clientLastModifiedTime":"2022-10-31T15:20:06.1161182Z"},"$schema":"https://schema.management.azure.com/providers/Microsoft.Logic/schemas/2016-06-01/workflowdefinition.json#","contentVersion":"1.0.0.0","parameters":{"$connections":{"defaultValue":{},"type":"Object"},"$authentication":{"defaultValue":{},"type":"SecureObject"}},"triggers":{"When_an_envelope_status_changes_(Connect)":{"metadata":{"operationMetadataId":"49cbbbc1-e8d2-406e-93e4-8604aafff7bf"},"type":"OpenApiConnectionWebhook","inputs":{"host":{"apiId":"/providers/Microsoft.PowerApps/apis/shared_docusign","connectionName":"shared_docusign","operationId":"CreateHookEnvelope"},"parameters":{"accountId":"beb23104-0858-409f-a26e-5559bb4ddfc8","body/name":"Approved Data","body/envelopeEvents":"Completed"},"authentication":"@parameters('$authentication')"}}},"actions":{"Get_envelope_documents":{"runAfter":{},"metadata":{"operationMetadataId":"c1b0d9f6-d2d0-4af8-a3d5-04b9f74cda0c"},"type":"OpenApiConnection","inputs":{"host":{"apiId":"/providers/Microsoft.PowerApps/apis/shared_docusign","connectionName":"shared_docusign","operationId":"GetDocuments"},"parameters":{"accountId":"beb23104-0858-409f-a26e-5559bb4ddfc8","envelopeId":"@triggerOutputs()?['body/DocuSignEnvelopeInformation/EnvelopeStatus/EnvelopeID']","certificate":true},"authentication":"@parameters('$authentication')"}},"Apply_to_each":{"foreach":"@triggerOutputs()?['body/DocuSignEnvelopeInformation/EnvelopeStatus/RecipientStatuses/RecipientStatus']","actions":{"Create_file":{"runAfter":{},"metadata":{"operationMetadataId":"275ab08d-bf11-4e9e-b421-38ed9cb42b1b"},"type":"OpenApiConnection","inputs":{"host":{"apiId":"/providers/Microsoft.PowerApps/apis/shared_sharepointonline","connectionName":"shared_sharepointonline","operationId":"CreateFile"},"parameters":{"dataset":"https://x4pry.sharepoint.com/sites/HACC","folderPath":"/Shared Documents","name":"@{items('Apply_to_each')?['UserName']}.pdf","body":"@body('Get_envelope_documents')"},"authentication":"@parameters('$authentication')"},"runtimeConfiguration":{"contentTransfer":{"transferMode":"Chunked"}}}},"runAfter":{"Get_envelope_documents":["Succeeded"]},"metadata":{"operationMetadataId":"c6d5573a-110c-488a-a364-743e829eeb85"},"type":"Foreach"}}},"connectionReferences":{"shared_docusign":{"connectionName":"shared-docusign-fc441358-e6d1-405c-9ffa-30fac9d676fc","source":"Embedded","id":"/providers/Microsoft.PowerApps/apis/shared_docusign","tier":"NotSpecified"},"shared_sharepointonline":{"connectionName":"shared-sharepointonl-d69ca7e4-0ea4-4798-b0f9-fd68e5e29dc4","source":"Embedded","id":"/providers/Microsoft.PowerApps/apis/shared_sharepointonline","tier":"NotSpecified"}},"flowFailureAlertSubscribed":false,"isManaged":false}}