{"name":"13d1328e-a2f6-4068-894f-ba84a7049c77","id":"/providers/Microsoft.Flow/flows/13d1328e-a2f6-4068-894f-ba84a7049c77","type":"Microsoft.Flow/flows","properties":{"apiId":"/providers/Microsoft.PowerApps/apis/shared_logicflows","displayName":"SEND BILL TO MAIL RECIPIENT","definition":{"metadata":{"workflowEntityId":null,"processAdvisorMetadata":null,"flowclientsuspensionreason":"None","flowclientsuspensiontime":null,"flowclientsuspensionreasondetails":null,"creator":{"id":"5dff46a8-aea1-4451-9954-f148740d43ae","type":"User","tenantId":"a81c6778-50fd-4429-a1d0-4b842da62dda"},"provisioningMethod":"FromDefinition","failureAlertSubscription":true,"clientLastModifiedTime":"2022-10-31T15:57:57.521379Z"},"$schema":"https://schema.management.azure.com/providers/Microsoft.Logic/schemas/2016-06-01/workflowdefinition.json#","contentVersion":"1.0.0.0","parameters":{"$connections":{"defaultValue":{},"type":"Object"},"$authentication":{"defaultValue":{},"type":"SecureObject"}},"triggers":{"When_an_item_is_created_or_modified":{"recurrence":{"frequency":"Minute","interval":1},"splitOn":"@triggerOutputs()?['body/value']","metadata":{"operationMetadataId":"2ac6f4ad-b43c-40c7-b0c3-7d3cd0069b9e"},"type":"OpenApiConnection","inputs":{"host":{"apiId":"/providers/Microsoft.PowerApps/apis/shared_sharepointonline","connectionName":"shared_sharepointonline","operationId":"GetOnUpdatedItems"},"parameters":{"dataset":"https://x4pry.sharepoint.com/sites/HACC","table":"7a237589-5b1b-4769-90bb-f07700477106"},"authentication":"@parameters('$authentication')"}}},"actions":{"Send_envelope":{"runAfter":{},"metadata":{"operationMetadataId":"a8419c8c-084c-475a-9f83-2727b4511261"},"type":"OpenApiConnection","inputs":{"host":{"apiId":"/providers/Microsoft.PowerApps/apis/shared_docusign","connectionName":"shared_docusign","operationId":"SendDraftEnvelope"},"parameters":{"accountId":"beb23104-0858-409f-a26e-5559bb4ddfc8","envelopeId":"d4ab6631-f1e5-400f-a7a5-5634641baa87"},"authentication":"@parameters('$authentication')"}},"Send_envelope_using_template":{"runAfter":{"Send_envelope":["Succeeded"]},"metadata":{"operationMetadataId":"d370e8e3-b124-4750-809f-00d817c4ece9"},"type":"OpenApiConnection","inputs":{"host":{"apiId":"/providers/Microsoft.PowerApps/apis/shared_docusign","connectionName":"shared_docusign","operationId":"SendEnvelope"},"parameters":{"accountId":"beb23104-0858-409f-a26e-5559bb4ddfc8","templateId":"eef6b01e-72c5-4c4f-9eea-0d85248f69e9","status":"Sent","signers/HIDOE LEADERSHIP Name":"HIDOE LEADERSHIP","signers/HIDOE LEADERSHIP Email":"Twilightcloudcoderz@gmail.com","signers/PIPE APPROVER Name":"PIPE APPROVER","signers/PIPE APPROVER Email":"sai.gowtham.gade@gmail.com","signers/SENATOR Name":"@triggerOutputs()?['body/Title']","signers/SENATOR Email":"@triggerOutputs()?['body/EMAIL']","signers/TRANSPORATION COMITTEE COMMON MAIL ID Name":"TRANSPORATION COMITTEE COMMON MAIL ID","signers/TRANSPORATION COMITTEE COMMON MAIL ID Email":"raptorz.tcc@gmail.com","signers/TRANSPORATION COMITTEE-DIRECTOR Name":"TRANSPORATION COMITTEE-DIRECTOR","signers/TRANSPORATION COMITTEE-DIRECTOR Email":"technoidsgamerzone@gmail.com","signers/TRANSPORATION COMITTEE-MANAGER Name":"TRANSPORATION COMITTEE-MANAGER","signers/TRANSPORATION COMITTEE-MANAGER Email":"mailreytest@gmail.com"},"authentication":"@parameters('$authentication')"}}}},"connectionReferences":{"shared_docusign":{"connectionName":"shared-docusign-fc441358-e6d1-405c-9ffa-30fac9d676fc","source":"Embedded","id":"/providers/Microsoft.PowerApps/apis/shared_docusign","tier":"NotSpecified"},"shared_sharepointonline":{"connectionName":"shared-sharepointonl-d69ca7e4-0ea4-4798-b0f9-fd68e5e29dc4","source":"Embedded","id":"/providers/Microsoft.PowerApps/apis/shared_sharepointonline","tier":"NotSpecified"}},"flowFailureAlertSubscribed":false,"isManaged":false}}